{
	"address": "COM8",
	"username": "micro",
	"password": "python",
	"sync_folder": "",
	"open_on_start": true,
	"safe_boot_on_upload": false,
	"py_ignore": [
		"pymakr.conf",
		".vscode",
		".gitignore",
		".git",
		"project.pymakr",
		"env",
		"venv"
	],
	"fast_upload": false,
	"sync_file_types": "py,txt,log,json,xml,html,js,css,mpy",
	"ctrl_c_on_connect": false,
	"sync_all_file_types": false,
	"auto_connect": false,
	"autoconnect_comport_manufacturers": [
		"Pycom",
		"Pycom Ltd.",
		"FTDI",
		"Microsoft",
		"Microchip Technology, Inc.",
		"1a86"
	]
}